id,first_name,last_name,color,app
1,Earl,Smith,Goldenrod,Zoolab
2,Matthew,Austin,Mauv,Namfix
3,Kathryn,Hernandez,Teal,Pannier
4,Kevin,Harris,Indigo,Home Ing
5,Terry,Bishop,Blue,Tresom
6,Sean,Gordon,Red,Trippledex
7,Carl,Murphy,Aquamarine,Stronghold
8,Randy,Watkins,Goldenrod,Sub-Ex
9,Jeremy,Wilson,Khaki,Biodex
10,Melissa,Johnson,Purple,Aerified
11,Eric,Perkins,Yellow,It
12,Ashley,Phillips,Pink,Asoka
13,Sandra,Bennett,Turquoise,Transcof
14,Kathy,Johnson,Blue,Stringtough
15,Douglas,White,Pink,Tampflex
16,Alice,Mills,Teal,Quo Lux
17,Michelle,Chavez,Purple,Hatity
18,Juan,Baker,Goldenrod,Zamit
19,Heather,Garcia,Yellow,Sub-Ex
20,Kevin,Hanson,Aquamarine,Viva
21,Karen,Allen,Turquoise,Greenlam
22,Henry,King,Fuscia,Quo Lux
23,Kenneth,Franklin,Fuscia,It
24,Douglas,Little,Mauv,Alphazap
25,Roger,Elliott,Fuscia,Y-find
26,Antonio,Jackson,Maroon,Greenlam
27,Carol,Little,Teal,Quo Lux
28,Lisa,Nguyen,Fuscia,Zathin
29,Christopher,Hughes,Khaki,Zontrax
30,Adam,Torres,Turquoise,Regrant
31,Kelly,Cox,Khaki,Temp
32,Lillian,Sims,Mauv,Lotstring
33,Henry,Evans,Fuscia,Zoolab
34,Philip,Hayes,Indigo,Tampflex
35,Kathryn,Walker,Goldenrod,Keylex
36,Eugene,Ford,Puce,Y-Solowarm
37,Kevin,Mccoy,Violet,Alpha
38,Anthony,Rose,Blue,Tresom
39,Mildred,West,Mauv,Bamity
40,Earl,Clark,Khaki,Kanlam
41,Helen,Frazier,Orange,Opela
42,Kevin,Ray,Purple,Voltsillam
43,Nicole,Reyes,Pink,Stronghold
44,Russell,Hernandez,Maroon,Andalax
45,Julie,Carpenter,Goldenrod,Daltfresh
46,Lois,George,Maroon,Stim
47,Albert,Boyd,Red,Trippledex
48,Kathleen,Gilbert,Green,Tempsoft
49,Paula,Flores,Blue,Sonsing
50,Kimberly,Boyd,Aquamarine,Y-Solowarm
51,Jean,Thomas,Pink,Lotlux
52,Edward,Rice,Aquamarine,Stim
53,Anna,Nelson,Pink,Viva
54,Ruth,Fields,Puce,Daltfresh
55,Kathleen,Baker,Orange,Overhold
56,Kathleen,Rose,Indigo,Namfix
57,Evelyn,Mason,Maroon,Prodder
58,Phyllis,Austin,Teal,Keylex
59,Eugene,Williamson,Blue,Y-find
60,Clarence,Baker,Pink,Transcof
61,Mary,Morgan,Maroon,Biodex
62,Kimberly,Torres,Turquoise,Wrapsafe
63,Jacqueline,Roberts,Orange,Ventosanzap
64,Beverly,Rodriguez,Khaki,It
65,Tina,Brooks,Red,Span
66,Virginia,Watkins,Turquoise,Zoolab
67,Todd,Jones,Teal,Transcof
68,Brian,Armstrong,Aquamarine,Subin
69,Dennis,Ramos,Yellow,Domainer
70,Charles,Owens,Orange,Y-Solowarm
71,Martha,Meyer,Mauv,Asoka
72,Kimberly,Reed,Maroon,Hatity
73,Linda,Richardson,Goldenrod,Ronstring
74,Angela,Green,Green,Daltfresh
75,Steve,Lewis,Fuscia,Zaam-Dox
76,Peter,Campbell,Purple,Zoolab
77,Ryan,Brooks,Crimson,Voltsillam
78,Chris,Wallace,Blue,Matsoft
79,Marilyn,Wright,Teal,Duobam
80,Ann,Stewart,Yellow,Veribet
81,Shawn,Parker,Indigo,Otcom
82,Margaret,Howell,Yellow,Alpha
83,Cheryl,Palmer,Pink,Ventosanzap
84,Kenneth,Wagner,Yellow,Solarbreeze
85,Tina,Lawrence,Pink,Flowdesk
86,Harry,Hall,Red,Tampflex
87,Michael,Vasquez,Aquamarine,Sub-Ex
88,Adam,Phillips,Violet,Holdlamis
89,Todd,Davis,Crimson,Holdlamis
90,Judy,Collins,Maroon,Matsoft
91,Victor,Lawrence,Purple,Duobam
92,Doris,Hawkins,Teal,Fixflex
93,Irene,Hall,Yellow,Zoolab
94,Alice,Bishop,Violet,Konklux
95,Carlos,Cook,Blue,Latlux
96,Debra,Flores,Crimson,Bytecard
97,Aaron,Young,Blue,Redhold
98,Jack,Grant,Mauv,Domainer
99,Irene,Perry,Violet,Latlux
100,Alice,Murphy,Red,Y-find
